model,level,run,endpoint,n,errors,error_pct,p50_ms,p95_ms,p99_ms,max_ms,mean_ms,offered_per_h,achieved_per_h,in_flight_at_end
gemma3-1b,average,1,POST /tickets,14,3,21.43,1383,2535,2535,2535,1623.5,42.0,33.0,0
gemma3-1b,average,1,GET /search,42,0,0.0,52,145,308,308,68.5,126.0,126.0,0
gemma3-1b,average,2,POST /tickets,12,3,25.0,1427,2534,2534,2534,1692.2,36.0,27.0,0
gemma3-1b,average,2,GET /search,43,0,0.0,49,89,390,390,58.0,129.0,129.0,0
gemma3-1b,average,3,POST /tickets,12,3,25.0,2823,5829,5829,5829,3339.1,36.0,24.0,1
gemma3-1b,average,3,GET /search,41,0,0.0,38,78,193,193,45.6,123.0,123.0,0
gemma3-1b,headroom,1,POST /tickets,35,6,17.14,1557,2672,2903,2903,1671.5,105.0,87.0,0
gemma3-1b,headroom,1,GET /search,104,0,0.0,43,99,187,211,51.0,312.0,312.0,0
gemma3-1b,headroom,2,POST /tickets,33,5,15.15,1546,3257,3351,3351,1735.8,99.0,84.0,0
gemma3-1b,headroom,2,GET /search,101,0,0.0,46,131,183,188,56.3,303.0,303.0,0
gemma3-1b,headroom,3,POST /tickets,35,6,17.14,1535,3273,4549,4549,1877.6,105.0,84.0,1
gemma3-1b,headroom,3,GET /search,105,0,0.0,47,131,177,254,59.5,315.0,315.0,0
gemma3-1b,peak,1,POST /tickets,27,4,14.81,1740,4430,4892,4892,2248.9,81.0,69.0,0
gemma3-1b,peak,1,GET /search,81,0,0.0,37,89,207,207,43.6,243.0,243.0,0
gemma3-1b,peak,2,POST /tickets,25,3,12.0,1677,12995,13974,13974,2889.7,75.0,66.0,0
gemma3-1b,peak,2,GET /search,79,0,0.0,35,931,1411,1411,130.3,237.0,237.0,0
gemma3-1b,peak,3,POST /tickets,26,4,15.38,1363,2692,2956,2956,1631.0,78.0,63.0,1
gemma3-1b,peak,3,GET /search,80,0,0.0,53,123,184,184,57.6,240.0,240.0,0
llama3.1-8b,average,1,POST /tickets,14,0,0.0,11951,18645,18645,18645,11614.8,42.0,42.0,0
llama3.1-8b,average,1,GET /search,42,0,0.0,29,62,113,113,32.8,126.0,126.0,0
llama3.1-8b,average,2,POST /tickets,12,0,0.0,9287,18461,18461,18461,9777.4,36.0,36.0,0
llama3.1-8b,average,2,GET /search,43,0,0.0,31,90,124,124,38.6,129.0,129.0,0
llama3.1-8b,average,3,POST /tickets,12,0,0.0,9374,35418,35418,35418,12023.8,36.0,33.0,1
llama3.1-8b,average,3,GET /search,41,0,0.0,30,86,224,224,40.4,123.0,123.0,0
llama3.1-8b,headroom,1,POST /tickets,35,0,0.0,11624,18207,18218,18218,11137,105.0,105.0,0
llama3.1-8b,headroom,1,GET /search,104,0,0.0,49,145,225,301,61.1,312.0,312.0,0
llama3.1-8b,headroom,2,POST /tickets,33,0,0.0,9287,34680,40724,40724,12926.7,99.0,93.0,2
llama3.1-8b,headroom,2,GET /search,101,0,0.0,42,205,390,597,66.5,303.0,303.0,0
llama3.1-8b,headroom,3,POST /tickets,35,2,5.71,12064,89687,97409,97409,20891.3,105.0,93.0,4
llama3.1-8b,headroom,3,GET /search,105,0,0.0,40,106,130,155,47.5,315.0,315.0,0
llama3.1-8b,peak,1,POST /tickets,27,0,0.0,10386,18682,28298,28298,11097.0,81.0,81.0,0
llama3.1-8b,peak,1,GET /search,81,0,0.0,38,94,141,141,43.6,243.0,243.0,0
llama3.1-8b,peak,2,POST /tickets,25,0,0.0,10225,19279,19700,19700,11772.1,75.0,69.0,2
llama3.1-8b,peak,2,GET /search,79,0,0.0,42,223,390,390,61.9,237.0,237.0,0
llama3.1-8b,peak,3,POST /tickets,26,0,0.0,7683,18175,24013,24013,9804.1,78.0,75.0,1
llama3.1-8b,peak,3,GET /search,80,0,0.0,42,299,887,887,90.6,240.0,240.0,0
qwen3-4b,average,1,POST /tickets,14,0,0.0,4489,9273,9273,9273,5776,42.0,42.0,0
qwen3-4b,average,1,GET /search,42,0,0.0,33,54,83,83,34.3,126.0,126.0,0
qwen3-4b,average,2,POST /tickets,12,0,0.0,4526,9001,9001,9001,5158.6,36.0,36.0,0
qwen3-4b,average,2,GET /search,43,0,0.0,31,72,90,90,36.3,129.0,129.0,0
qwen3-4b,average,3,POST /tickets,12,0,0.0,4098,10687,10687,10687,5548,36.0,33.0,1
qwen3-4b,average,3,GET /search,41,0,0.0,36,72,92,92,40.3,123.0,123.0,0
qwen3-4b,headroom,1,POST /tickets,35,0,0.0,4635,10100,10166,10166,5666,105.0,105.0,0
qwen3-4b,headroom,1,GET /search,104,0,0.0,42,95,134,162,48.2,312.0,312.0,0
qwen3-4b,headroom,2,POST /tickets,33,0,0.0,5035,12628,14333,14333,6039.7,99.0,99.0,0
qwen3-4b,headroom,2,GET /search,101,0,0.0,39,103,114,115,45.5,303.0,303.0,0
qwen3-4b,headroom,3,POST /tickets,35,0,0.0,5109,12770,17617,17617,6084.1,105.0,102.0,1
qwen3-4b,headroom,3,GET /search,105,0,0.0,39,123,168,181,49.3,315.0,315.0,0
qwen3-4b,peak,1,POST /tickets,27,0,0.0,5218,12951,12983,12983,6127.4,81.0,81.0,0
qwen3-4b,peak,1,GET /search,81,0,0.0,35,80,100,100,41.1,243.0,243.0,0
qwen3-4b,peak,2,POST /tickets,25,0,0.0,5366,12942,14372,14372,6360.1,75.0,75.0,0
qwen3-4b,peak,2,GET /search,79,0,0.0,42,126,249,249,52.5,237.0,237.0,0
qwen3-4b,peak,3,POST /tickets,26,0,0.0,4023,10437,11852,11852,5314.4,78.0,75.0,1
qwen3-4b,peak,3,GET /search,80,0,0.0,43,121,378,378,56.0,240.0,240.0,0
qwen3-4b,stress_60-1200ph_40min,1,POST /tickets,420,189,45.0,170958,300048,300067,300086,167240.1,630.0,346.5,91
qwen3-4b,stress_60-1200ph_40min,1,GET /search,210,0,0.0,49,130,499,879,66.9,315.0,315.0,0
