minute,post_arrivals,post_completed_ok,post_errors_by_arrival,approx_backlog,p50_latency_s_by_arrival,max_latency_s_by_arrival
0,1,1,0,0,6.0,6.0
1,1,1,0,0,3.9,3.9
2,3,3,0,0,6.7,13.1
3,0,0,0,0,,
4,0,0,0,0,,
5,2,2,0,0,4.6,7.4
6,2,2,0,0,3.6,6.4
7,2,2,0,0,5.5,7.9
8,10,7,0,3,8.8,19.2
9,6,8,0,1,19.2,23.4
10,6,7,0,0,4.8,16.3
11,8,6,0,2,4.4,12.3
12,8,7,0,3,13.4,25.1
13,5,8,0,0,7.1,12.4
14,6,6,0,0,4.5,11.0
15,9,6,0,3,20.2,34.7
16,8,9,0,2,21.4,31.3
17,6,6,0,2,11.4,27.8
18,10,9,0,3,18.8,24.4
19,3,6,0,0,7.3,10.4
20,9,7,0,2,12.3,23.3
21,14,6,0,10,51.9,66.6
22,12,8,0,14,66.9,100.2
23,8,10,0,12,94.8,103.5
24,14,7,0,19,115.0,141.3
25,11,10,0,20,132.2,136.9
26,14,7,1,26,154.0,181.9
27,5,11,0,20,170.1,177.7
28,15,8,0,27,196.2,221.1
29,14,7,0,34,257.3,271.6
30,13,6,3,38,280.1,300.1
31,15,7,14,32,300.0,300.1
32,13,9,9,27,300.0,300.1
33,20,8,16,23,300.0,300.1
34,18,8,17,16,300.0,300.1
35,23,6,23,10,300.0,300.1
36,17,1,15,11,300.0,300.1
37,20,4,20,7,300.0,300.1
38,14,4,14,3,273.9,298.3
39,22,1,22,2,204.3,238.1
40,19,0,19,2,144.3,174.0
41,16,2,16,0,96.5,110.0
